run_id,k_value,rmse,mae,coverage,training_time,status
5d666b62806644e98540d58b31f981c7,15,0.45588759351773167,0.3579207366707367,1.0,0.009053707122802734,FINISHED
eebdb0073a3d441b807430f2044fc367,20,0.45601865808360403,0.3568246661319417,1.0,0.019051313400268555,FINISHED
d9381c04cbd34eddacaee7d588a55d8b,5,0.48302744548599574,0.379277664629832,1.0,0.0216519832611084,FINISHED
c08e130f567245b98bd110a8963d6940,10,0.484240916074191,0.37441799879686877,1.0,0.011006832122802734,FINISHED
32f7f08c259c49eaa3ebc88d83520fbe,3,0.5069689521543435,0.4050591271760003,1.0,0.01904892921447754,FINISHED
